{
  "smiles_augmentation": {
    "loss": 0.00020172152163091178,
    "mae": 0.010569843463599682,
    "spearman_r": 0.9589921081689374,
    "pearson_r": 0.9547397494316101,
    "train_size": 187438,
    "smiles_avg_rs": 0.9545282213445052,
    "mean_std": 0.004369347619648021,
    "consistency": 0.038
  },
  "data_duplication": {
    "loss": 0.00019368382655817729,
    "mae": 0.01030606310814619,
    "spearman_r": 0.960438418478131,
    "pearson_r": 0.9563792943954468,
    "train_size": 187438,
    "smiles_avg_rs": 0.9515595458462348,
    "mean_std": 0.006599984050873565,
    "consistency": 0.0
  },
  "noise_augmentation": {
    "loss": 0.00018863758245094727,
    "mae": 0.01015931461006403,
    "spearman_r": 0.9612533291542444,
    "pearson_r": 0.9575920701026917,
    "train_size": 187438,
    "smiles_avg_rs": 0.952318286829648,
    "mean_std": 0.006810246234383282,
    "consistency": 0.008
  }
}