{
  "model_tag": "mlp_control_smiles_aug",
  "n_test": 500,
  "K": 30,
  "canonical_rs": 0.9541844430865685,
  "smiles_averaged_rs": 0.9545282213445052,
  "delta": -0.0003437782579367443,
  "canonical_mae": 0.011666119575500488,
  "smiles_averaged_mae": 0.011451829262318148,
  "mean_prediction_std": 0.004369347619648021,
  "median_prediction_std": 0.004072233604942244,
  "consistency_2dp": 0.038,
  "verdict": "PARTIAL INVARIANCE",
  "per_molecule_stds": [
    0.0031783273446963733,
    0.003279793207798588,
    0.0016603825142027038,
    0.005240802850851063,
    0.004261128509663516,
    0.004749133351491013,
    0.0029510566914053983,
    0.003475899601674391,
    0.005322984893902038,
    0.002084256992826804,
    0.0026189737068401595,
    0.007848512889156316,
    0.005832598091823301,
    0.0021483378895304378,
    0.0033448025505758002,
    0.0026568251227579946,
    0.0032710666011091754,
    0.005266925447362519,
    0.003248916268532686,
    0.0038266665455379354,
    0.0032853300445417313,
    0.004617657932752271,
    0.0028636571437531716,
    0.0048746563012239,
    0.005685239592420453,
    0.002970383007702146,
    0.004790270937353131,
    0.005454114904886,
    0.008152565097871229,
    0.0038348946170440375,
    0.0015913922293123287,
    0.004165179885884989,
    0.0040376859096792036,
    0.006707993370987764,
    0.001913848505956472,
    0.006330441545726334,
    0.008101509223548086,
    0.0021474978747845893,
    0.004381986342062947,
    0.00543704112822425,
    0.0023784253771410887,
    0.004876292922734413,
    0.0024252324773052806,
    0.003112855185584281,
    0.0024294998094696895,
    0.004519314086783071,
    0.002140552709554772,
    0.0032504022644055932,
    0.003283052244039794,
    0.0024489000107114686,
    0.004929852997491871,
    0.0036535241313647364,
    0.005202158890174607,
    0.0020425981264820957,
    0.002029811958731465,
    0.004477109338686618,
    0.004682223080839768,
    0.0034235181754413216,
    0.002274852739019157,
    0.001093730922935265,
    0.005939204649336711,
    0.0024078578898481945,
    0.00469936826037153,
    0.004993792079705704,
    0.002761636914065413,
    0.004871913673676364,
    0.0056815619716872314,
    0.001993489736434746,
    0.002863347108163909,
    0.00333839275241826,
    0.003762276642621398,
    0.008639102940982123,
    0.0016456301841860828,
    0.003551105579421983,
    0.0026104499225392567,
    0.004495279141235839,
    0.0030782149558337196,
    0.005597447945269977,
    0.003422168313596898,
    0.0021945119070003534,
    0.006559372256944083,
    0.006399317743278251,
    0.006731806603515305,
    0.0036004194283669,
    0.004408115504275503,
    0.005620638136268151,
    0.002253970516138086,
    0.003780010465866821,
    0.005885413753667981,
    0.004636817395606269,
    0.0021171293162037755,
    0.004025570254515806,
    0.004754904064443659,
    0.003701978030482768,
    0.007953939190153221,
    0.004215146297834183,
    0.0077049943149885,
    0.008020029879352901,
    0.0015881953339572236,
    0.0036660326450524954,
    0.0058136541708439515,
    0.0048673006036072655,
    0.0074542625867123,
    0.00532040780342881,
    0.00202396239036705,
    0.0025128457450584694,
    0.0064754846919236895,
    0.003576903826605136,
    0.004954351193757398,
    0.0025886875206740014,
    0.0033244854096016346,
    0.003607951871051562,
    0.003954883957494611,
    0.00806406339402413,
    0.0022081951487651044,
    0.002910938028660449,
    0.0024759761077093392,
    0.003996360134402991,
    0.002975831262069018,
    0.005034172010051626,
    0.0016612670300572563,
    0.0059824051069645836,
    0.0032472496578258257,
    0.002949433198114414,
    0.006106921014055459,
    0.001736059436842192,
    0.004933084503131128,
    0.001860372791966901,
    0.0028605897037563633,
    0.003069050144016502,
    0.002999112329857008,
    0.005525952824248867,
    0.006232165604309378,
    0.0069359811929079525,
    0.0028482004046281317,
    0.00352838832342847,
    0.004601318526025098,
    0.0033372809082754078,
    0.004230841255988447,
    0.0031519973999857044,
    0.004897496164803529,
    0.004058528999446443,
    0.0024197524224404054,
    0.003384246257950047,
    0.007172703418941872,
    0.004420001300411468,
    0.002213101361172897,
    0.005544647339078926,
    0.001869203889450607,
    0.003370564316571549,
    0.004352447627001122,
    0.002909132284814595,
    0.004467107738923181,
    0.0018808914965005954,
    0.004839535167694306,
    0.004308887683301108,
    0.008442756321580777,
    0.007942748726860184,
    0.002475888397114989,
    0.004064621156220533,
    0.003436749216459441,
    0.003715398248798954,
    0.002564821552928226,
    0.0035848756272578515,
    0.007616524557917481,
    0.005592090946575066,
    0.00403275684699488,
    0.0036405099921396145,
    0.00446316201419729,
    0.004013799733197488,
    0.005116210732918723,
    0.006198099032596747,
    0.006382364533990623,
    0.004042958228339194,
    0.0063455381533167226,
    0.0032703779622619195,
    0.005845919439688397,
    0.003134185075682327,
    0.0030790600384283696,
    0.005773465194555445,
    0.007087450955115287,
    0.004635104254935296,
    0.004977906281574245,
    0.006339523172174582,
    0.004726849957445752,
    0.006476743350628368,
    0.006985819389977142,
    0.0055947611635732255,
    0.004678855164200347,
    0.0021629738195121143,
    0.007386144694959016,
    0.006492240476409869,
    0.003439433357914242,
    0.007374915983318456,
    0.002689825095647332,
    0.0039207238536371055,
    0.004287078983610596,
    0.005582025516699366,
    0.005296464159269059,
    0.006015968268881112,
    0.0032894420588956944,
    0.004211875496518166,
    0.0004546594031997905,
    0.005926893616586583,
    0.0024304175141296558,
    0.0036643417922104533,
    0.0063566972950534,
    0.004747064938356947,
    0.004648644848222802,
    0.006886503222402786,
    0.0037040332293440744,
    0.0055119312114477,
    0.003659707452245868,
    0.004658787926033777,
    0.004566163514527713,
    0.003304315426333423,
    0.004145547389995346,
    0.0034960645744512276,
    0.007791710963980529,
    0.005090755852076061,
    0.0037762610880004693,
    0.0034576726999879944,
    0.0047048543460283835,
    0.0016938456354619244,
    0.004174788078671319,
    0.00231693109308422,
    0.008861530182328336,
    0.001855042295245646,
    0.004530031611864221,
    0.005526285341708915,
    0.004076406544332409,
    0.00611129276938883,
    0.004372960409595255,
    0.0033616866044735034,
    0.0036851908140004773,
    0.005324567314164468,
    0.005424686671844427,
    0.004985248923673532,
    0.003561378358744206,
    0.0039756040176950535,
    0.0040648159713499,
    0.002458230420719856,
    0.005105268414306324,
    0.009224370955350851,
    0.0052107541910893715,
    0.008717735186338059,
    0.005773238062183068,
    0.002885641640802041,
    0.005924758887364169,
    0.005259927127234409,
    0.0032773804222677146,
    0.005985998313625458,
    0.0033523912461903512,
    0.004251665093350856,
    0.0049266979598058215,
    0.0036419224984845016,
    0.0037985799762284772,
    0.0024707408380542557,
    0.006580758904128802,
    0.005036460637712468,
    0.003873960806130145,
    0.0018649759904724628,
    0.005329427763584278,
    0.004251009803983713,
    0.0028657337431666633,
    0.00582535605752809,
    0.00714393548738967,
    0.002389203112109899,
    0.0054161858623652265,
    0.006850853507399908,
    0.006104556510478352,
    0.0019183166250085052,
    0.005355922699210618,
    0.0021504865344175853,
    0.0027493699487295955,
    0.004788479336189007,
    0.0013166559939199686,
    0.004972553604231554,
    0.0029840161320390454,
    0.004559596744099127,
    0.006851874201498629,
    0.004674042648136863,
    0.00648223571000298,
    0.003457764283842923,
    0.004693958865046809,
    0.005053746666687004,
    0.0037089575222299196,
