{
  "model_tag": "mlp_control_duplicate",
  "n_test": 500,
  "K": 30,
  "canonical_rs": 0.956647579264455,
  "smiles_averaged_rs": 0.9515595458462348,
  "delta": 0.0050880334182201725,
  "canonical_mae": 0.010962262988090514,
  "smiles_averaged_mae": 0.011606202566815963,
  "mean_prediction_std": 0.006599984050873565,
  "median_prediction_std": 0.006133541874870753,
  "consistency_2dp": 0.0,
  "verdict": "PARTIAL INVARIANCE",
  "per_molecule_stds": [
    0.005218951246563964,
    0.008989916219555798,
    0.0012203113567004146,
    0.005510036941229052,
    0.004440659419390535,
    0.00774498550653527,
    0.004039795619686027,
    0.007155597547650522,
    0.006215770012433393,
    0.0023498274590469264,
    0.0016171691571207274,
    0.005580635357337708,
    0.007525972737043276,
    0.004524363801464673,
    0.00258932704300055,
    0.0038964838173410647,
    0.005013581958084392,
    0.00795059525415464,
    0.00476158192223143,
    0.00328001722270022,
    0.009210803682013642,
    0.006476985986215645,
    0.0042266410588993365,
    0.0077402517587061214,
    0.008483138966258921,
    0.007385644369823873,
    0.006515100782363811,
    0.011495200750597631,
    0.004058620579936761,
    0.007122772239295489,
    0.004173381399726177,
    0.0068148275984688065,
    0.008076495832637223,
    0.007357496651533176,
    0.0025507061447818846,
    0.010349643992597947,
    0.010877968948459021,
    0.0025488922490109786,
    0.004809999701512021,
    0.006864821114046918,
    0.006323433336275503,
    0.009139350824587802,
    0.003704704547461557,
    0.005463026589004956,
    0.007015149082556572,
    0.00623968273271642,
    0.004235388280629387,
    0.0037955837417104113,
    0.0033093509074368544,
    0.004925565595902563,
    0.0049400940412745184,
    0.002790266142987608,
    0.006818839799511656,
    0.004073742527077839,
    0.002266348014129081,
    0.00675013197225764,
    0.006056364102361717,
    0.008465194870719502,
    0.0043515514376612765,
    0.0031790723894070316,
    0.004482300218040286,
    0.005269650565601125,
    0.007912284378071895,
    0.00601318343222601,
    0.004481519576347517,
    0.011134026901191143,
    0.009658214898059016,
    0.005262871987500466,
    0.004940355712182392,
    0.0074386031568187735,
    0.005566185832769006,
    0.011105664375104844,
    0.0024718956601879976,
    0.008030072482113505,
    0.003830703704355789,
    0.005189706187861515,
    0.004510250965117212,
    0.01326208515395272,
    0.0037247963324113925,
    0.003058467338781361,
    0.009347602934596357,
    0.0049055788341664085,
    0.008231831640173728,
    0.003338101347994619,
    0.0065833442443636505,
    0.006723569194071448,
    0.001811900515326797,
    0.008912981926375069,
    0.007635632561159501,
    0.0068538062578227124,
    0.0034704067868130497,
    0.006525028793795167,
    0.012673374250699499,
    0.006604447504725023,
    0.011085334262973706,
    0.0040341800329388895,
    0.010383750398712721,
    0.00653138583300389,
    0.003965572394967935,
    0.004867087442343091,
    0.005118936224631389,
    0.007477189717673263,
    0.008115463271886189,
    0.003211355228677773,
    0.0037001235364087105,
    0.005006625055080118,
    0.007137395144946458,
    0.007129076228393604,
    0.009849882890011132,
    0.004749749268290387,
    0.0062471774589202365,
    0.005523904222234936,
    0.003369301391364864,
    0.00784271213439753,
    0.003630215440137558,
    0.005155032065880977,
    0.0045784496744820475,
    0.008428263843851752,
    0.004305715639621799,
    0.005663383661697443,
    0.0024826383818524365,
    0.006590611662812905,
    0.008914065740648172,
    0.005534016338082871,
    0.010162561381851926,
    0.0018907956556568476,
    0.005931142206317106,
    0.002913823693133976,
    0.0031209960965066425,
    0.0032759263172126183,
    0.005271704625592165,
    0.006170706836809809,
    0.00697501201862267,
    0.0061609619570560294,
    0.0034142841007262703,
    0.005061293812801021,
    0.01462179829670248,
    0.0052438434466766425,
    0.003935547512557308,
    0.005164750697877521,
    0.008606636647860742,
    0.0061494282348839805,
    0.004996923217075145,
    0.004932747337507156,
    0.013863043180898196,
    0.008101364671781278,
    0.00403781462263078,
    0.006369001274064643,
    0.003449875017044858,
    0.0037252341722856046,
    0.00862646006283628,
    0.003943252592567387,
    0.007637967375598272,
    0.00507825056005823,
    0.007386251011498154,
    0.005865627111438428,
    0.010053541106259119,
    0.0035941995826547974,
    0.00492497472501472,
    0.004019938849182953,
    0.00633470367000714,
    0.007672267059098396,
    0.003989601916795517,
    0.005696146124507038,
    0.009590162880339334,
    0.014011955157025854,
    0.004933256797931594,
    0.005299855616782248,
    0.003768355038504178,
    0.0060400974476242115,
    0.005737180304864638,
    0.007745817493697442,
    0.012905220851485795,
    0.005933133679132559,
    0.011567723862451815,
    0.005974605917819711,
    0.0062001742535684225,
    0.0020330790901223125,
    0.006577582036562163,
    0.010021539149425544,
    0.005942236108108776,
    0.009644539556680102,
    0.006116002154780951,
    0.010944160745828343,
    0.007796180101434667,
    0.008299084283224682,
    0.009702408948848903,
    0.006991810662727335,
    0.005493612056516888,
    0.0047138487811125215,
    0.005499609945713292,
    0.008489546607057936,
    0.00465945652950296,
    0.00670963805945726,
    0.00664325858033364,
    0.0031121525538666617,
    0.0048088742669249555,
    0.006226442121709328,
    0.0063764658695906525,
    0.00899540670739671,
    0.005125932334414781,
    0.005574576919773545,
    0.001257221297367153,
    0.01138090587235618,
    0.0037362938867362703,
    0.010000212612032003,
    0.00781860509905638,
    0.001410083122683153,
    0.009302055913502347,
    0.005482473620140836,
    0.00521608580334269,
    0.011921622566472143,
    0.0034680346757421515,
    0.005394935601153225,
    0.005344360738700503,
    0.0049790654640152684,
    0.009767323649356181,
    0.006466659317264624,
    0.008028884445462188,
    0.009461111533283174,
    0.0062624337603656745,
    0.006881811450100669,
    0.008146719421581761,
    0.0021583038134509115,
    0.005609207863978107,
    0.005426159697537702,
    0.006470244338831861,
    0.00497788656305689,
    0.005596440311873467,
    0.007761066450734084,
    0.005351461645984932,
    0.010770246560806601,
    0.00323977624030883,
    0.004479131028672228,
    0.006863233583471792,
    0.007834663469885077,
    0.00958500600783439,
    0.008341221868167263,
    0.01209433044126094,
    0.002961299461368122,
    0.006750316225068559,
    0.0030797592822076015,
    0.008912971483224764,
    0.018315531738641554,
    0.006430933882398456,
    0.008005151170784682,
    0.005108024004402509,
    0.005200293673412224,
    0.005652848978348927,
    0.00381040176710674,
    0.007529931771409869,
    0.015297156607957121,
    0.0065252646003249246,
    0.006722796530473572,
    0.005816423730616713,
    0.010718860587388654,
    0.006179659113428942,
    0.004661581558002828,
    0.01219949571373626,
    0.00810250263068592,
    0.0073610718860087744,
    0.005411044692035674,
    0.009692320405809404,
    0.007286974557184373,
    0.005349538733914657,
    0.006453850034926419,
    0.009826938857851894,
    0.007962223557359975,
    0.007739081689256597,
    0.013840114971284677,
    0.004170886020459404,
    0.003970037070338637,
    0.008796088204272355,
    0.005615122286893748,
    0.0039309457779677665,
    0.011454194407735692,
    0.00449447046227656,
    0.006237405335394535,
    0.003258167742028298,
    0.006972356948941526,
    0.004223348553484804,
    0.006008940237689895,
    0.010093454611755998,
    0.007855398576342527,
    0.007553501848172369,
    0.006997287838215526,
    0.005584110855776773,
    0.0051795071060553146,
    0.00628286596694842,
