{
  "model_tag": "mlp_all",
  "n_test": 500,
  "K": 30,
  "canonical_rs": 0.9296162497225935,
  "smiles_averaged_rs": 0.9270597049311987,
  "delta": 0.002556544791394777,
  "canonical_mae": 0.014027958154678345,
  "smiles_averaged_mae": 0.014022619722350952,
  "mean_prediction_std": 0.007173055181835537,
  "median_prediction_std": 0.0069703329938665985,
  "consistency_2dp": 0.002,
  "verdict": "PARTIAL INVARIANCE",
  "per_molecule_stds": [
    0.005540645887157156,
    0.006530893563646705,
    0.0035828121674773266,
    0.00817265368865514,
    0.009947315388192645,
    0.009411893624662186,
    0.004291789229493837,
    0.010253116036664024,
    0.006801590778872459,
    0.002149281019104343,
    0.004376926418685634,
    0.009986345011437012,
    0.010013170703954922,
    0.0029084453194217247,
    0.0026550015885645115,
    0.006079456493725494,
    0.004326051995702554,
    0.0067476443588201495,
    0.005435202474344513,
    0.005890627735511954,
    0.006905570649252555,
    0.006282057617496063,
    0.0045134234954475536,
    0.009981143679449899,
    0.006278121459152991,
    0.0083491387587552,
    0.011048313109904373,
    0.011057266235167887,
    0.010322470714077145,
    0.0044299458265867194,
    0.006012335427369323,
    0.006791071721224553,
    0.008898802737612397,
    0.0085440590180908,
    0.002603992898489308,
    0.012516450237604594,
    0.011708427494000239,
    0.0029760894179641255,
    0.006076132614784019,
    0.007517526231645029,
    0.008633650324116598,
    0.008323096312500113,
    0.004238648026948058,
    0.0039586630300124425,
    0.0026151336525624944,
    0.00637756548516984,
    0.005946340129507605,
    0.0036053880923092698,
    0.0038137973534084317,
    0.004992937048083691,
    0.011065837664866532,
    0.002865590390339931,
    0.00683571113568815,
    0.005620540979486553,
    0.002348854700156053,
    0.004563010845311007,
    0.00655943885461975,
    0.013077682626616747,
    0.0055775388162821,
    0.0034233962418968853,
    0.007870280603535753,
    0.004024541855799368,
    0.0044957389692557035,
    0.008597211523874144,
    0.0037894953158003567,
    0.008526108620108,
    0.012811662746318475,
    0.006857526051711682,
    0.005706299376706686,
    0.005587985882370892,
    0.005164115238088469,
    0.012048759223237369,
    0.004344129432045032,
    0.0074309429760444756,
    0.006745850860416824,
    0.008559290869291216,
    0.0032358669031385193,
    0.013169371730883636,
    0.005265737452235684,
    0.004529476504901826,
    0.0120394400774275,
    0.008415159017728773,
    0.01426602465497025,
    0.0082240656714081,
    0.006161170497189682,
    0.009675830056476048,
    0.0036479002348868174,
    0.0044885912879537,
    0.007179333724252891,
    0.01002320920349686,
    0.0036227444657678013,
    0.007470298143123511,
    0.007725740676538756,
    0.0072517607883708975,
    0.013697987049066215,
    0.004792628481779161,
    0.008891531339171652,
    0.008999966285736979,
    0.003062824107435826,
    0.0078702009059493,
    0.0065357165221406445,
    0.007010592072134068,
    0.0071101191059108945,
    0.00568267318385919,
    0.006639092850109341,
    0.0035640078497319845,
    0.008533077564081143,
    0.007786010372154358,
    0.00945267004663462,
    0.004913160321574532,
    0.005773892807803784,
    0.005209834696733521,
    0.007746340081800247,
    0.008419759241785143,
    0.0035384254490008664,
    0.004073086046877962,
    0.00517623157621769,
    0.010594221710427405,
    0.0057889041450391275,
    0.005659939416669653,
    0.0028790436921246154,
    0.006974940606658282,
    0.007775303346988402,
    0.00814210042085033,
    0.008117404395734799,
    0.006142042802087555,
    0.007775593516497133,
    0.004454718443498492,
    0.004696405406547958,
    0.007393062586836593,
    0.004924859817970579,
    0.0033453033699333886,
    0.0070123363049725785,
    0.007415335109134949,
    0.005473322374844323,
    0.00943937059657876,
    0.009773215405944065,
    0.007798924304967298,
    0.004199418516454259,
    0.003669405600032225,
    0.007694805213653159,
    0.007162690985050222,
    0.007235755677792873,
    0.004754521702810426,
    0.007279095640759719,
    0.010004280774077435,
    0.003896963387910546,
    0.008430032112325082,
    0.004571636367592072,
    0.005543948497999174,
    0.006355994172730973,
    0.006013829945879025,
    0.007401686955096258,
    0.002320268943193466,
    0.007605898556747868,
    0.006348268512078137,
    0.0077731781064569825,
    0.00993856408326742,
    0.0055394914253844435,
    0.0066366610463455275,
    0.008426038580046162,
    0.006580941794470758,
    0.003822846195827461,
    0.006614341923026482,
    0.00713659989332258,
    0.01098810913640434,
    0.0069657253810749145,
    0.006748269272447325,
    0.005445437073909179,
    0.007816080305995498,
    0.005642060573568443,
    0.006846747242519887,
    0.009698767716872381,
    0.007261364026193648,
    0.010757969876116413,
    0.0054809433681126795,
    0.00772067517491015,
    0.00396964519119085,
    0.004460685430359789,
    0.008681385743297186,
    0.006154025593394063,
    0.008272949868566332,
    0.009680051564519747,
    0.009087302706427202,
    0.0071246354255650535,
    0.0122353947276012,
    0.008431180356045016,
    0.007710793305797759,
    0.008670802362434,
    0.0038995058791608758,
    0.007864302017819519,
    0.009358393350062617,
    0.005154083515716824,
    0.00852347565823278,
    0.0041082516277813124,
    0.004278943108161547,
    0.0068449598069624095,
    0.007981618059560859,
    0.005871242950022774,
    0.007286068137760423,
    0.006225409377500948,
    0.007625643956189243,
    0.0018227527377877495,
    0.008585497016889243,
    0.0030947432618108803,
    0.009318323268460804,
    0.007720460130106663,
    0.003691007084968442,
    0.010560794883865828,
    0.006040451787911676,
    0.00754117130798264,
    0.007821713983480406,
    0.003385638105444646,
    0.007007465747657976,
    0.007855239532096015,
    0.006340378698061075,
    0.006594071327812052,
    0.006824908481661632,
    0.011539717425603474,
    0.007210604598358026,
    0.00908211568373509,
    0.00454042132706221,
    0.005636281114896969,
    0.0044424870405037,
    0.005988284381822382,
    0.0036358563307824178,
    0.012247957665516127,
    0.005031544428107587,
    0.006310672776843155,
    0.008277269789134881,
    0.006549414293938998,
    0.012908793685157263,
    0.0048692178527098675,
    0.003681085036766089,
    0.008121703765563959,
    0.011711249865101336,
    0.006527214831369121,
    0.01110354071648187,
    0.006535726674978853,
    0.00605810370705964,
    0.0035591615592875433,
    0.0033361575559470707,
    0.010447217370667412,
    0.01570228032677849,
    0.011310687159410995,
    0.01110593928527509,
    0.00792322772785057,
    0.004355527514598733,
    0.010981147095505616,
    0.0062939357117910615,
    0.010946954150140954,
    0.010493054743440752,
    0.008077832292607907,
    0.009582789441528902,
    0.007830336250083367,
    0.010231809013925059,
    0.008160773999335567,
    0.0060033509659131,
    0.010627979835026188,
    0.005292511641678344,
    0.012132236674324783,
    0.008371694866035503,
    0.005946297884818504,
    0.0048141802169262915,
    0.0026374183256427874,
    0.006130992666267403,
    0.009551388312220204,
    0.004320439322489256,
    0.009417760465827542,
    0.010260439742880673,
    0.006907904713696985,
    0.0038633758499556684,
    0.010956918058763025,
    0.005515862650660177,
    0.00448456540336803,
    0.005910508472655422,
    0.0035269311405904356,
    0.0073490422501259825,
    0.00806463426452483,
    0.00442079557198102,
    0.012323791922518403,
    0.005884562864640994,
    0.010870660305742522,
    0.008876276327177472,
    0.007790577423282188,
    0.00810195141183162,
    0.005275328136674982,
    0.005451179538883545,
    0.00849055329885188,
    0.006291476536276579,
