{
  "model_tag": "mlp_3x_augment",
  "n_test": 500,
  "K": 30,
  "canonical_rs": 0.9683699282568818,
  "smiles_averaged_rs": 0.9680564381978781,
  "delta": 0.0003134900590037182,
  "canonical_mae": 0.00946747899055481,
  "smiles_averaged_mae": 0.009355463455761633,
  "mean_prediction_std": 0.003011530427253216,
  "median_prediction_std": 0.002758895446096291,
  "consistency_2dp": 0.1,
  "verdict": "PARTIAL INVARIANCE",
  "per_molecule_stds": [
    0.003326904474904041,
    0.002107702629222885,
    0.0011454859434355928,
    0.0030144800619902974,
    0.003920833679717018,
    0.0016881640672184153,
    0.00169795069164036,
    0.0019360752799750058,
    0.0031525652942999026,
    0.0012780729282922715,
    0.0012197590361203872,
    0.0047984634624653405,
    0.0034338631804484276,
    0.0017017950933082195,
    0.0016651910539797064,
    0.001444965905964108,
    0.0016199819121609112,
    0.003307333341456336,
    0.0038914402167808536,
    0.0020783103458175663,
    0.0017066050226670318,
    0.00495956572650454,
    0.001955876126229215,
    0.0021256793973216,
    0.004319034192987846,
    0.0015788371461187486,
    0.002049001740321942,
    0.00492858941867277,
    0.002875985921557887,
    0.0031994657578504676,
    0.0025899027063938603,
    0.0027535215433259572,
    0.0029496042352254487,
    0.00473270652990363,
    0.0016031145826225473,
    0.00446317471066751,
    0.0037434585562255156,
    0.002059234934600437,
    0.0024567196676448778,
    0.005037075000246409,
    0.0013881103950491103,
    0.002792142382321288,
    0.0019618410024016086,
    0.0025554880950905442,
    0.0025967696349356514,
    0.0024633553533488003,
    0.0016956698332338544,
    0.00320629779559468,
    0.002698134972200189,
    0.002058988756808588,
    0.004981367982913975,
    0.0024025542604031594,
    0.003807298331540134,
    0.0017106535911778954,
    0.0013091092026205366,
    0.004489988030268056,
    0.001535055151703594,
    0.0015025926630903214,
    0.0014054704954458124,
    0.0010914505562803335,
    0.002190089973078527,
    0.0035423693789539425,
    0.0020757811520869113,
    0.0008591382096674032,
    0.0018694413092201392,
    0.0018179261997446569,
    0.00451589907111246,
    0.0016393810232028406,
    0.002995980388864234,
    0.004301899036045347,
    0.003761560850363114,
    0.00473072601322718,
    0.0013059996808598658,
    0.0027583436898782083,
    0.003003639866508315,
    0.0017798069409183518,
    0.0018797096805383154,
    0.004516707459389462,
    0.0024976597595926034,
    0.0016055866873568758,
    0.003996240543859397,
    0.003090780181914967,
    0.006703354696889727,
    0.002022627377005786,
    0.003800397978486674,
    0.0021846063664698596,
    0.0016923031035669701,
    0.004671572363417231,
    0.0025320662527072613,
    0.005074599687216401,
    0.003339175856734153,
    0.003433764229179357,
    0.002900441926321541,
    0.003717582346347688,
    0.004610325664922069,
    0.0030287622705609785,
    0.004614668587867009,
    0.003956543563461767,
    0.001152423445388795,
    0.0019268242045512483,
    0.007988954231715096,
    0.00280501510160361,
    0.0016533865484969607,
    0.0032492744620040864,
    0.0014068089357281398,
    0.002970180784786508,
    0.003339361763982622,
    0.004442239254966842,
    0.0010151359324038405,
    0.002228188717420537,
    0.004931174483985889,
    0.0026112042347506497,
    0.003147366247793445,
    0.0074546893200622515,
    0.0026342736815879292,
    0.0027550837272687684,
    0.0022134536066334086,
    0.0033211814109821015,
    0.0020399771949202814,
    0.0039205925604287335,
    0.0010194557578627145,
    0.004267663174401997,
    0.0032274386906910287,
    0.002176342907246672,
    0.0026323314402124263,
    0.0013640766758742178,
    0.0040343503125761515,
    0.001949624784309035,
    0.003307539559415427,
    0.0017964824027985324,
    0.004208034128020626,
    0.004297706627369529,
    0.005117548513642434,
    0.0028669423276238373,
    0.0034156258980201294,
    0.0035007588000314526,
    0.001784505945624544,
    0.0021426886119862666,
    0.0037114384469168486,
    0.0019044066976150408,
    0.0013862760652227151,
    0.003986306588963772,
    0.0014898211862785806,
    0.00353403443292447,
    0.002153371671739883,
    0.003244621565839418,
    0.0032109306565147088,
    0.0034898793159736153,
    0.0023821598176426984,
    0.003641586774664614,
    0.0045347317646239034,
    0.0041928457566185245,
    0.004606148231948585,
    0.0018027330168821649,
    0.004473535409075603,
    0.0031613826099127166,
    0.005676398258918967,
    0.012332305618647324,
    0.002006090118658857,
    0.0013209239804019904,
    0.0024626263756479215,
    0.004158471323254165,
    0.001957600143743686,
    0.001972641922707112,
    0.006827530344275045,
    0.002290359855295087,
    0.003491756240154582,
    0.0018194534978006186,
    0.002302794064178218,
    0.0022991496746433177,
    0.0026921776157651568,
    0.006851386254751449,
    0.002941741316617302,
    0.0029634880665871852,
    0.003107078282044568,
    0.0035917710018072493,
    0.004060689637063729,
    0.001767570828579826,
    0.0028104738996061534,
    0.005580647077077232,
    0.003329878600710544,
    0.002759447202314374,
    0.009289106838848602,
    0.0055950408933397346,
    0.002096387448859535,
    0.002588320873232409,
    0.003667902679742074,
    0.001567117670500386,
    0.007261806451367481,
    0.0019158647100796958,
    0.005663950091750315,
    0.0030092603966480292,
    0.002684034658994552,
    0.006997777116957795,
    0.0025786625553928695,
    0.0029677197523321226,
    0.0035890652657483975,
    0.00228444285183601,
    0.0026019232848040236,
    0.0039048294372321206,
    0.001442373680459969,
    0.004066877583921563,
    0.001043288921622994,
    0.004504587177199322,
    0.0011580713370383485,
    0.003880616966216823,
    0.0027014734467792462,
    0.001908325820277064,
    0.003974362318570687,
    0.00412888270798946,
    0.002569849354583671,
    0.004014145052736323,
    0.003402794144304024,
    0.003878633577777176,
    0.0019061104712941842,
    0.002099269015607938,
    0.0037313751288204134,
    0.0017668903542427655,
    0.0032275744641137804,
    0.0040533085888813,
    0.0032512784183924967,
    0.004143651209493895,
    0.0016193159753408912,
    0.0012954850638693012,
    0.0034227517794300296,
    0.001419967343283905,
    0.006431368292577041,
    0.0021103717409483996,
    0.0035398909363364103,
    0.004614443482568238,
    0.002078768346413588,
    0.0037467118308158283,
    0.0028488494530501595,
    0.0020644289130255103,
    0.0024051717605847837,
    0.003799813422669049,
    0.006149511691290987,
    0.002538363377531568,
    0.002160884959402035,
    0.0013882068521970511,
    0.003888374049286505,
    0.0013760720936964754,
    0.004028236773092604,
    0.002937556502107768,
    0.002731232232732609,
    0.0022276941455511754,
    0.0019326771363391072,
    0.0011159139996984463,
    0.002002461941368928,
    0.0025327939883704287,
    0.00254065769774586,
    0.002226302590446816,
    0.0008968964300473906,
    0.003098806400097365,
    0.0029917820491291536,
    0.0030662604316476325,
    0.004713367584685601,
    0.002151556451674782,
    0.0054836748405406735,
    0.003459980552712798,
    0.003095021940217274,
    0.0029724115427311646,
    0.004448255170025725,
    0.0018963931326705403,
    0.0012052168865576273,
    0.0030945426281739343,
    0.0038851156802354406,
    0.0028469080506633546,
    0.002344495690757571,
    0.004866796168619858,
    0.0017968262743285766,
    0.001293349614254678,
    0.002248885528710489,
    0.002494936881615588,
    0.00353988121599833,
    0.0039501739514530634,
    0.002593088376918678,
    0.0034727622556202844,
    0.002257173754989217,
    0.0033978150997316927,
    0.00475963649768539,
    0.0035760405997653077,
    0.002848671669815468,
    0.003924103850905088,
    0.004038493314270101,
