{
  "model_tag": "mlp_1x_augment",
  "n_test": 500,
  "K": 30,
  "canonical_rs": 0.9541844430865685,
  "smiles_averaged_rs": 0.954327004022909,
  "delta": -0.00014256093634057443,
  "canonical_mae": 0.011666119575500488,
  "smiles_averaged_mae": 0.011428024499647077,
  "mean_prediction_std": 0.004324107143523666,
  "median_prediction_std": 0.004053082097667854,
  "consistency_2dp": 0.036,
  "verdict": "PARTIAL INVARIANCE",
  "per_molecule_stds": [
    0.003331538923531274,
    0.003196301456059408,
    0.0014859940268517175,
    0.0038050983726602666,
    0.004098102488807829,
    0.004537285276392543,
    0.002390162141597529,
    0.0035043003487510668,
    0.005533359789391605,
    0.0020988203705047505,
    0.00238960469283047,
    0.007787523829932026,
    0.005054704988897448,
    0.0019947312220572368,
    0.002985095240662143,
    0.0026262671139150665,
    0.0034875810578456888,
    0.004653288953276646,
    0.0031402128025895103,
    0.0036805868877002397,
    0.004538005366843314,
    0.0044436610307713705,
    0.002860530457129412,
    0.00609574478482636,
    0.007293459926612831,
    0.0031964373400669185,
    0.005145635369634533,
    0.007573214199609517,
    0.007337299913340957,
    0.002496590528529783,
    0.0026133121580785654,
    0.004394119324210325,
    0.004070788492030737,
    0.005850188861217102,
    0.0017553485411783323,
    0.006201370491026193,
    0.009212145915057942,
    0.0019083637666501524,
    0.004535835557392762,
    0.006912330467212452,
    0.00268523737699925,
    0.004663059464574886,
    0.0022031073361795206,
    0.00386386542784796,
    0.0025846355348832337,
    0.005367992428273476,
    0.002488857807821656,
    0.0025292061533044893,
    0.0038012491977569103,
    0.0021665492770269177,
    0.004541317245739523,
    0.0036384910863174304,
    0.005094010124912689,
    0.001884234594748663,
    0.0019655193131148867,
    0.005435266602207036,
    0.004230924484656039,
    0.0034210135687779376,
    0.002456187276931144,
    0.000919690059928932,
    0.005373552458897061,
    0.0028568708823148736,
    0.004125231857308992,
    0.004012143096975077,
    0.00270614992812398,
    0.004441083837056826,
    0.005980944332621339,
    0.0031131200924849165,
    0.0025225097551749456,
    0.0032874681993647317,
    0.003205245087957604,
    0.008056064640772138,
    0.001777254686268449,
    0.004148107645719038,
    0.0021739738812318727,
    0.0050037908377684615,
    0.002560898144188177,
    0.00969110303782594,
    0.0027789219970056405,
    0.0022138349289470985,
    0.007690022163685897,
    0.007104273917053987,
    0.00466340065373164,
    0.002706274662757056,
    0.004085989625615962,
    0.005539053067793985,
    0.0021857451961106887,
    0.0037445530265894015,
    0.005911415501050663,
    0.004498796397377799,
    0.002881427460640654,
    0.004031273706136847,
    0.004092922320838047,
    0.003522294439525369,
    0.00803504322638416,
    0.0039023319003387695,
    0.0076924160920715514,
    0.006737369906891169,
    0.0013538127815520607,
    0.004484437679073307,
    0.0075382027731140805,
    0.004144275721801039,
    0.006931987014286995,
    0.004954714687810512,
    0.0021175225984053944,
    0.002774323552985836,
    0.006435295542306675,
    0.003409809417471585,
    0.005019585655514728,
    0.002629310213758069,
    0.0030546970815007192,
    0.00463066261620076,
    0.004944894834186147,
    0.008193239986674556,
    0.0022327490633220035,
    0.0028427009022365534,
    0.0027672106209432703,
    0.004069855223615289,
    0.003279300832201793,
    0.005021342287552246,
    0.0014631285556275606,
    0.005798865265783623,
    0.003491773437631884,
    0.0025857079983192307,
    0.00605587912774294,
    0.0018268993345195946,
    0.004548954284231156,
    0.0017807878276230138,
    0.00297559555319637,
    0.0023997789785762877,
    0.003128232200421571,
    0.006050483126341544,
    0.0050243788806810154,
    0.006952992732629042,
    0.00323357517024916,
    0.0037630968440043877,
    0.004354765650446581,
    0.0031724618536345954,
    0.004142695804762119,
    0.003299705309355497,
    0.00434590762657216,
    0.0033547927415440476,
    0.002548175561358746,
    0.003973343528117649,
    0.007029062198714557,
    0.004477050390594766,
    0.0021919579078062126,
    0.005663963264003984,
    0.0018172294313881774,
    0.003327411580426037,
    0.003894471657809968,
    0.0032148513820538112,
    0.004591277061689762,
    0.0018878464224552317,
    0.004649324660464616,
    0.003721876458100008,
    0.0081354856718642,
    0.007718947022662917,
    0.002718927106060491,
    0.004364320778027379,
    0.003308655257868003,
    0.004644302040505045,
    0.002112924669895864,
    0.0037605440726142278,
    0.0065761480708494795,
    0.005582536468809009,
    0.003876749758465454,
    0.0039287080164759226,
    0.004095987902737371,
    0.004531747029729775,
    0.004547774629992825,
    0.005845607848189995,
    0.007601465868388671,
    0.004733730616757697,
    0.00599975844737591,
    0.002231659095972851,
    0.00511901433091782,
    0.0033382402247038928,
    0.0036033161113416005,
    0.005890977892726197,
    0.007647667168589223,
    0.003654144667580047,
    0.004935667788271373,
    0.005105710647073917,
    0.0029881545555891197,
    0.00657393422143449,
    0.007088040183804447,
    0.006256769111859163,
    0.004856960039615375,
    0.002232548488901371,
    0.006061053313704945,
    0.004844912871875198,
    0.0036526366674357754,
    0.007054277561699481,
    0.0034942790782320674,
    0.003738837128307516,
    0.004857789225874539,
    0.006211388554675047,
    0.004433402235527303,
    0.005924272462343529,
    0.003977271342724796,
    0.004960707293951379,
    0.0005042064623026286,
    0.005821215447351532,
    0.002754766886661862,
    0.0036842062031055586,
    0.005518012122721423,
    0.0035056126453883443,
    0.004653112005886945,
    0.007277426649595643,
    0.0035642318423799615,
    0.00551518325011752,
    0.003557435488670955,
    0.004651123587512675,
    0.004029102440984058,
    0.003006669007985935,
    0.004728904153862402,
    0.0034665600410598517,
    0.0063774912405013,
    0.006358481910816353,
    0.004577463106652577,
    0.003866870868755599,
    0.004066338753263479,
    0.0016160712263995688,
    0.00362616360772804,
    0.0027196299181768153,
    0.009925429434805988,
    0.0022866917601046836,
    0.004595159617658495,
    0.0048199163163363335,
    0.004172194601611652,
    0.005905934724594682,
    0.003929574681326362,
    0.0033551736899363055,
    0.004167993232590393,
    0.005710854666228075,
    0.00474485138481077,
    0.005097560816896134,
    0.003739816537105334,
    0.004039825442072229,
    0.004455375549266026,
    0.0024624562126529708,
    0.00511673186788945,
    0.00743530020125084,
    0.004594958218775807,
    0.006752236537415123,
    0.005313364610077521,
    0.0029893076713282526,
    0.00830004100233557,
    0.004366077287093499,
    0.0031937456963236324,
    0.006921303974329479,
    0.00344827828473422,
    0.004433913770718185,
    0.003976775769902542,
    0.00335175029925183,
    0.003781061505789321,
    0.002801660359481411,
    0.007317777728764898,
    0.006180660634222811,
    0.003320680269290122,
    0.00250922962337523,
    0.005030904526457906,
    0.004226132976932181,
    0.0030271571296092608,
    0.004805106661314016,
    0.007296096770016732,
    0.0027438676937584588,
    0.00515811883990548,
    0.005748597632026985,
    0.0058281331341322245,
    0.002642178104189214,
    0.005648664605466218,
    0.002965557700433524,
    0.0028410126319242212,
    0.0056662826505014035,
    0.0013579430350555701,
    0.004535202815489857,
    0.002921718237850319,
    0.003565825685188228,
    0.007346651453716683,
    0.004692907951233796,
    0.005920452700646418,
    0.0032775348487655534,
    0.005640332054832276,
    0.004504150800729393,
    0.002813270935810037,
    0.0038546417613977728,
