{
  "model_tag": "mlp_control_noise",
  "n_test": 500,
  "K": 30,
  "canonical_rs": 0.9589171301708729,
  "smiles_averaged_rs": 0.952318286829648,
  "delta": 0.006598843341224847,
  "canonical_mae": 0.011044681578874588,
  "smiles_averaged_mae": 0.011605535270706301,
  "mean_prediction_std": 0.006810246234383282,
  "median_prediction_std": 0.006288831960669758,
  "consistency_2dp": 0.008,
  "verdict": "PARTIAL INVARIANCE",
  "per_molecule_stds": [
    0.007614364074113655,
    0.006087066135906459,
    0.0019436362403244566,
    0.004703252051049281,
    0.005854524749222251,
    0.009480410338845429,
    0.005155354404111815,
    0.00808140250219988,
    0.00569520768248028,
    0.0023581478395859976,
    0.0024435258837542536,
    0.008162319339191289,
    0.009340259405361834,
    0.0037945805354225423,
    0.0031407387303993553,
    0.004352172963954853,
    0.004240965516511139,
    0.005340851590265932,
    0.004400454988385257,
    0.0035777205466262577,
    0.007611906911131148,
    0.006643593300724002,
    0.004236822874744346,
    0.009771185302999804,
    0.007562750313961162,
    0.011001774067938596,
    0.007085070022837939,
    0.010516604834116799,
    0.009057013917708955,
    0.008382724022405133,
    0.0040570495330299276,
    0.007961905744233578,
    0.00443614106920653,
    0.0070275122476975895,
    0.0034641942880795575,
    0.00787266352457556,
    0.00687157032141175,
    0.0033999011763501674,
    0.004361106475593304,
    0.006522244035596452,
    0.0032955949900923486,
    0.00807986529915374,
    0.005029738833749112,
    0.0065743877623889125,
    0.004665730917639004,
    0.005569502355528982,
    0.00500602830255596,
    0.00483572164262133,
    0.0031263101673701774,
    0.004449275970214756,
    0.011795393338216439,
    0.007493430711278834,
    0.006694022927565251,
    0.006408206901658937,
    0.0019501936225453452,
    0.00632521569237455,
    0.004638338052714188,
    0.009476872212687457,
    0.003909381835182849,
    0.002425283906817407,
    0.005415536623250772,
    0.005628905828369886,
    0.005309009751740234,
    0.004732546744536715,
    0.004243639035726552,
    0.006350337492158133,
    0.009604500209832905,
    0.006293719840094164,
    0.004232495516848263,
    0.007325627937322963,
    0.004392242676340746,
    0.014423360506940174,
    0.00557668966188958,
    0.005320607039042937,
    0.004583383066009351,
    0.007701385434280847,
    0.003762034416730792,
    0.012336202810023221,
    0.004057620174191825,
    0.004566268529745831,
    0.00857435199219547,
    0.004576736199947864,
    0.008257588207729982,
    0.0038796930179402236,
    0.007018912751015159,
    0.011881631205422655,
    0.0027720009914963873,
    0.00662141246938935,
    0.009051700433171954,
    0.008332134738840822,
    0.0048679898402085526,
    0.008417658526099499,
    0.007237624538588984,
    0.006878519164076595,
    0.010177992060337952,
    0.00511493244262905,
    0.012141957970683228,
    0.01050707654223245,
    0.003674435928839365,
    0.005525892353400987,
    0.007668380944983703,
    0.009597229241055393,
    0.006720197769095881,
    0.005053758118848923,
    0.00669773459839602,
    0.003228179278818571,
    0.008972383798739051,
    0.005134377380686918,
    0.012574527503382926,
    0.006844015329435231,
    0.006365417774133239,
    0.005122148099651628,
    0.004028113382900089,
    0.009248270598028666,
    0.004171088041161074,
    0.006257444208258261,
    0.007206549325419277,
    0.011915199115499287,
    0.004980609126560167,
    0.004534823433768608,
    0.0033495199941864662,
    0.007216580439308698,
    0.008726309571545188,
    0.0068006059464100046,
    0.012408991602122941,
    0.0032106406007608623,
    0.004398174679120532,
    0.00626937242479943,
    0.0033956714743309524,
    0.0034033000467420804,
    0.004002646766895773,
    0.0051089235814131845,
    0.008378290863892487,
    0.004917817388043635,
    0.004297993105778181,
    0.004516069798290742,
    0.010959189965287172,
    0.0063477668492675846,
    0.005369316046382307,
    0.004992944525727951,
    0.008445931580996723,
    0.010606092273379756,
    0.007494818372581451,
    0.005247236166848341,
    0.012314063488838851,
    0.0063595030090317795,
    0.004291395470672114,
    0.006336196107438887,
    0.0037829650507162685,
    0.002834674559061007,
    0.006283944081245352,
    0.004634505867336579,
    0.007736251642755795,
    0.003855758750688483,
    0.009192325009018745,
    0.006511107647368085,
    0.009453560783931543,
    0.0073261284186630264,
    0.004352882325805143,
    0.007489814193096279,
    0.005597286149891105,
    0.0051880249281990925,
    0.004222024775344852,
    0.008063269064686617,
    0.007801792870502173,
    0.009668503063952628,
    0.007945174945999329,
    0.005985109390416558,
    0.004709196311523711,
    0.008188865488804977,
    0.010090733767434452,
    0.006881633691456637,
    0.011165007147399188,
    0.006119601616734594,
    0.011089471624585965,
    0.00741863401303993,
    0.004937934578734829,
    0.0042495191635942,
    0.005810870137503413,
    0.011739143675525272,
    0.005584331603936876,
    0.009938621055557628,
    0.006817713121987015,
    0.009857491675320849,
    0.0063274736946246765,
    0.009651604390907918,
    0.007368820872016236,
    0.008523164631079409,
    0.006252043534943459,
    0.0041026073192348194,
    0.008180777129620086,
    0.006159939173442402,
    0.004910828792910743,
    0.008795410789523265,
    0.0041912804037011996,
    0.0032471014930938974,
    0.005291936984219393,
    0.009414179060117215,
    0.006377110760962019,
    0.007567787433276148,
    0.006295238937336475,
    0.0050491440784684915,
    0.0009474488619833934,
    0.01358576423990412,
    0.005900765578322933,
    0.00524554954395709,
    0.008536142739747885,
    0.002369778038243153,
    0.00809294406123791,
    0.008462414026084015,
    0.007911263274835743,
    0.00839100031414105,
    0.005548878952223029,
    0.008774019924776038,
    0.006935417119950072,
    0.0068054393972957926,
    0.008068176598833316,
    0.005005759295321725,
    0.013826329858229772,
    0.007645093123329633,
    0.003923357983150717,
    0.005699827119021648,
    0.006872295136317358,
    0.0038334053999504692,
    0.007836311663021752,
    0.004717126718424738,
    0.014001130301795502,
    0.003174374970645965,
    0.005817892797569905,
    0.011996130820492331,
    0.00422601539016473,
    0.01019427372378301,
    0.0046980835515189725,
    0.0029499366518522347,
    0.0067357089683265075,
    0.008663221651460907,
    0.005850803544802993,
    0.0071401806650225165,
    0.009611886961946056,
    0.006023988215667774,
    0.004959534665591421,
    0.00309777437149564,
    0.011273400650356102,
    0.01851433942262777,
    0.010731751493105525,
    0.009401474124017309,
    0.00410174770027472,
    0.005174208892252777,
    0.011179065024859613,
    0.005080350849187352,
    0.0033024428412692054,
    0.019023005483497182,
    0.004668060110180086,
    0.00783416044346017,
    0.006174835827172801,
    0.01305512414647164,
    0.008026116040763623,
    0.003919376009389858,
    0.010728401199247737,
    0.008427276123354416,
    0.0034752657466976334,
    0.003651403153419387,
    0.007996993554640808,
    0.004554553774348142,
    0.0025347003478337835,
    0.008055711854614093,
    0.011814219136498985,
    0.005757284870239269,
    0.006125717827560592,
    0.008905312632723528,
    0.004498363990087941,
    0.004567093734247496,
    0.012173076583934118,
    0.0056440972503908095,
    0.0034097168391247867,
    0.006692586463145329,
    0.0028826496775055865,
    0.006702535433066688,
    0.004704321652374519,
    0.005114868691959826,
    0.0067685202207964715,
    0.006281989712292638,
    0.008419354240946458,
    0.009224566393402415,
    0.009553975777428898,
    0.008274919492331268,
    0.004615262060976557,
    0.0030063040840726694,
    0.007357051227398865,
