{
  "model_tag": "mlp_7x_augment",
  "n_test": 500,
  "K": 30,
  "canonical_rs": 0.9746117452531563,
  "smiles_averaged_rs": 0.9748394587487794,
  "delta": -0.00022771349562311638,
  "canonical_mae": 0.008359590709209443,
  "smiles_averaged_mae": 0.008315947442285478,
  "mean_prediction_std": 0.002041610790814924,
  "median_prediction_std": 0.0017663648666847007,
  "consistency_2dp": 0.286,
  "verdict": "PARTIAL INVARIANCE",
  "per_molecule_stds": [
    0.0018321524759974891,
    0.0034951736539941673,
    0.0007126295064247928,
    0.0032437079529393526,
    0.0009579794800147389,
    0.0016712197591713975,
    0.0014591952141871224,
    0.002355480284523474,
    0.005436893512556017,
    0.0012365295645240246,
    0.0011950908750133662,
    0.00427462374539469,
    0.0012029901963171415,
    0.0023201932257591856,
    0.0017892843768664882,
    0.001613760924908178,
    0.0022881822264843197,
    0.0020164530691628795,
    0.0026931989810102764,
    0.0008065907484014499,
    0.0011661509374551646,
    0.0015132184090225153,
    0.0010942639003122317,
    0.001053182847545225,
    0.0033978317534724563,
    0.0012489167169881623,
    0.0015080367783947574,
    0.00397683929417527,
    0.0039608698134194625,
    0.0006194296927223109,
    0.0014811445107102276,
    0.0015686775205825756,
    0.0017294006943375268,
    0.0028796418576907093,
    0.0013013404254382127,
    0.0015505757748010482,
    0.0010900579636788177,
    0.0024092717728999677,
    0.002202771174737262,
    0.00664201811760062,
    0.0005389670952471033,
    0.002406170674865996,
    0.0009656812340432086,
    0.0010832245025234539,
    0.0011750260847745737,
    0.0025811528387714735,
    0.0006998324008387172,
    0.0016202904581899959,
    0.001132058458339288,
    0.0017369430689437623,
    0.0025349087723511602,
    0.000681548198083921,
    0.002521439096908747,
    0.0008151421662290993,
    0.0010962399923833367,
    0.0011670164875357612,
    0.001220715542434384,
    0.0006566581166042681,
    0.0012631219360624403,
    0.0003595689544773374,
    0.002842939951580312,
    0.0022176367213412036,
    0.0010009641989864831,
    0.0007678097821491655,
    0.002025332089289369,
    0.0017983936939383622,
    0.0016958358444487294,
    0.0009288179000626986,
    0.001602277212553749,
    0.00395651155675659,
    0.0026532489423909105,
    0.0030583635797895945,
    0.0014546061893892038,
    0.001243064959523059,
    0.0013351830492170584,
    0.0014840932181338967,
    0.0016233258073761006,
    0.002721063757145677,
    0.0017464160533770157,
    0.0011502987424313737,
    0.0042082239022434515,
    0.0026302311772104557,
    0.0037358419435060677,
    0.0009836632203759237,
    0.0032341454777271347,
    0.0013042735635677026,
    0.0008826499439969184,
    0.0019511336798746523,
    0.004715133537166304,
    0.0020967838731810627,
    0.0016116788251054116,
    0.0015525637278191566,
    0.0008139410622895843,
    0.0012077670322418602,
    0.002953500865589147,
    0.002330026599444603,
    0.0028204475881710954,
    0.004755907183807189,
    0.0003989258002424091,
    0.0015730076398513474,
    0.005509333916581176,
    0.001138048865473961,
    0.0012278372651827723,
    0.003057183641122844,
    0.0016808917643068718,
    0.0014064717642032346,
    0.003602737185800931,
    0.002044868980149767,
    0.0021421586727533117,
    0.0017090806017824838,
    0.003878570161410515,
    0.0031482150313035676,
    0.001493782526555321,
    0.004493160379223813,
    0.0019577860500054,
    0.0005724713669277491,
    0.0023162678926351168,
    0.0018799793428779783,
    0.0011863240442547712,
    0.0017031909171745245,
    0.000797018887126573,
    0.0017499582573844708,
    0.0027116203004212375,
    0.0018555088265170894,
    0.001394123180562977,
    0.0021243470879625565,
    0.0016683832869516086,
    0.0013210450018742584,
    0.001351513406635606,
    0.0017598027015032823,
    0.0032640497003938243,
    0.0011844559198950005,
    0.0035215067134685253,
    0.0015356596817628569,
    0.0014490004094764796,
    0.0018007126108367816,
    0.0015030099907952042,
    0.001649129745183206,
    0.0030423965969646723,
    0.0017159763742373726,
    0.0011242017056980185,
    0.0015521954071794318,
    0.0016970388591614977,
    0.00378298771008463,
    0.0014327880597784148,
    0.0006196297942146009,
    0.0005571609617316959,
    0.0020418254706569927,
    0.000927197951916688,
    0.0015050250432545062,
    0.0027874350383035353,
    0.0026483053865795814,
    0.0017205187006929415,
    0.000796484079918936,
    0.0020801386714625046,
    0.002150257308696134,
    0.0019712644538198818,
    0.010344768842044817,
    0.001795230809593686,
    0.0007485955560254004,
    0.002635777778664268,
    0.002921228119543645,
    0.00143075903433804,
    0.0009730660606759969,
    0.0036081012854402516,
    0.002286168693546127,
    0.0023174569099885757,
    0.001325954148818978,
    0.001417503010990786,
    0.0016495606425688415,
    0.0021637251551856833,
    0.002142606628952393,
    0.001692665360047315,
    0.0019285586251237626,
    0.002160740339374614,
    0.003179846695443916,
    0.003042770650803257,
    0.000897906835414123,
    0.002338413525147207,
    0.0029585311008265393,
    0.002277740527096911,
    0.0015777631870012552,
    0.005886724398496163,
    0.0028360361416125144,
    0.0012769651121108594,
    0.0031387652039587353,
    0.0014808926716139807,
    0.0008115191858105668,
    0.005882902223005515,
    0.0012318111741900528,
    0.0023734323129054827,
    0.0019577671205588693,
    0.002246023007333615,
    0.0012957234399394878,
    0.0014591333588552505,
    0.0015279878025336547,
    0.0020287520121978833,
    0.000769231886818613,
    0.001870758045662676,
    0.002324619940607216,
    0.0015441349170145912,
    0.0016449377120387554,
    0.0005742607692330844,
    0.0019827804875512476,
    0.0015089419836685559,
    0.0028290912944348113,
    0.0040027943407935545,
    0.001874595142612901,
    0.0010181264849848733,
    0.0011994112386371466,
    0.0019464812034344391,
    0.003402418523135911,
    0.0017313665498819848,
    0.002399475560139498,
    0.0017414201240320004,
    0.0012167899891885362,
    0.001857076741764119,
    0.001329647948256009,
    0.00174718976681911,
    0.0026073103986579407,
    0.0012190402612440763,
    0.002220811709219986,
    0.0009531343463520292,
    0.00037382506891175287,
    0.006236856295231174,
    0.0010078513544599145,
    0.002984789553513404,
    0.00141699505108428,
    0.0016324206265550738,
    0.0019607295029134947,
    0.0016835162555966512,
    0.0016996413172371751,
    0.0021262890940193903,
    0.0019642706049371587,
    0.001290072303793617,
    0.0012996943588251644,
    0.004545675481770593,
    0.001453512964699386,
    0.0007678639471925418,
    0.0010946861794897983,
    0.0012478671285447078,
    0.0007536468048385469,
    0.0018192066430004997,
    0.0012620825095550924,
    0.0012436036427462616,
    0.0031154672092140413,
    0.0037324185207592547,
    0.000391557320181444,
    0.0015371078608058665,
    0.0022685401113085022,
    0.002244907185599903,
    0.002717960721392011,
    0.0009720054691286424,
    0.0031992067137341326,
    0.0006954768641056888,
    0.0009874300436085426,
    0.003399982305677452,
    0.0008773333492728318,
    0.0032935643995801013,
    0.002546147555590125,
    0.0009415112305009482,
    0.000597545191629775,
    0.001710126769180412,
    0.0007597480922422201,
    0.0007924607303344187,
    0.002719910507649564,
    0.004219895836883428,
    0.0023815796911928508,
    0.0026878390982215494,
    0.005178927434568433,
    0.0008865134321881438,
    0.0016330038976950319,
    0.001767055159276538,
    0.0017739558349032193,
    0.0018716396044620462,
    0.001557478573924631,
    0.002240586543235041,
    0.003109517698796995,
    0.0018546768485209293,
    0.0013935450528549552,
    0.0027542718624272303,
    0.0016204562022193343,
    0.001686880591372165,
