{
  "all": {
    "loss": 0.00030268189962675104,
    "mae": 0.01319042406976223,
    "spearman_r": 0.9383519091223095,
    "pearson_r": 0.9340547323226929
  },
  "A_bigrams": {
    "loss": 0.0003950283553411328,
    "mae": 0.014939311891794205,
    "spearman_r": 0.9104958734158053,
    "pearson_r": 0.9103837013244629
  },
  "B_morgan": {
    "loss": 0.0008305239748780825,
    "mae": 0.022276191040873528,
    "spearman_r": 0.8019740773460811,
    "pearson_r": 0.7999488711357117
  },
  "C_descriptors": {
    "loss": 0.0004982028259556118,
    "mae": 0.01715436577796936,
    "spearman_r": 0.8837890807000016,
    "pearson_r": 0.8871983289718628
  },
  "BC_invariant": {
    "loss": 0.0004357169269012082,
    "mae": 0.015869785100221634,
    "spearman_r": 0.9002115983535222,
    "pearson_r": 0.8989362716674805
  }
}