{
  "A_bits_only": {
    "spearman_r": 0.7501231161230485,
    "pearson_r": 0.7947572469711304,
    "mae": 0.41248372197151184,
    "exact_match": 0.6732525427396667,
    "params": 108545,
    "dim": 32,
    "time_s": 199.5106658935547
  },
  "B_fourier_only": {
    "spearman_r": 0.75098447550566,
    "pearson_r": 0.7959458231925964,
    "mae": 0.41485896706581116,
    "exact_match": 0.6705691408785978,
    "params": 108545,
    "dim": 32,
    "time_s": 237.5085048675537
  },
  "C_measures_only": {
    "spearman_r": 0.6075591355588298,
    "pearson_r": 0.6631012558937073,
    "mae": 0.48920300602912903,
    "exact_match": 0.593183293659381,
    "params": 102913,
    "dim": 10,
    "time_s": 174.59875798225403
  },
  "AB_bits+fourier": {
    "spearman_r": 0.7599184979628614,
    "pearson_r": 0.8041624426841736,
    "mae": 0.4073454439640045,
    "exact_match": 0.6790629733823847,
    "params": 116737,
    "dim": 64,
    "time_s": 222.20091891288757
  },
  "AC_bits+measures": {
    "spearman_r": 0.7601147069712617,
    "pearson_r": 0.8048651814460754,
    "mae": 0.4017694294452667,
    "exact_match": 0.680296472624973,
    "params": 111105,
    "dim": 42,
    "time_s": 256.930287361145
  },
  "BC_fourier+measures": {
    "spearman_r": 0.7402254761089079,
    "pearson_r": 0.7854467034339905,
    "mae": 0.41367247700691223,
    "exact_match": 0.6679398398615018,
    "params": 111105,
    "dim": 42,
    "time_s": 404.5196189880371
  },
  "ABC_full": {
    "spearman_r": 0.764618605698273,
    "pearson_r": 0.8075951337814331,
    "mae": 0.3982580006122589,
    "exact_match": 0.6841051720406839,
    "params": 119297,
    "dim": 74,
    "time_s": 210.2984619140625
  },
  "ABC_shallow(128,64)": {
    "spearman_r": 0.6971028139432902,
    "pearson_r": 0.7421916127204895,
    "mae": 0.4471573531627655,
    "exact_match": 0.6326119887470244,
    "params": 18305,
    "dim": 74,
    "time_s": 195.36101365089417,
    "architecture": [
      128,
      64
    ]
  },
  "ABC_standard(256,256,128)": {
    "spearman_r": 0.764415925397512,
    "pearson_r": 0.8077659606933594,
    "mae": 0.4003385603427887,
    "exact_match": 0.681064704609392,
    "params": 119297,
    "dim": 74,
    "time_s": 193.11769580841064,
    "architecture": [
      256,
      256,
      128
    ]
  },
  "ABC_deep(512,512,256,128)": {
    "spearman_r": 0.789871679357445,
    "pearson_r": 0.8331061601638794,
    "mae": 0.36725959181785583,
    "exact_match": 0.716695520450119,
    "params": 468225,
    "dim": 74,
    "time_s": 221.34753942489624,
    "architecture": [
      512,
      512,
      256,
      128
    ]
  },
  "ABC_wide(512,512,512)": {
    "spearman_r": 0.7911892043531552,
    "pearson_r": 0.8328080177307129,
    "mae": 0.38545286655426025,
    "exact_match": 0.6980848301233499,
    "params": 567297,
    "dim": 74,
    "time_s": 197.52148938179016,
    "architecture": [
      512,
      512,
      512
    ]
  }
}