{
  "A_bits": {
    "mean_std": 1.6582656450042617,
    "median_std": 1.6535783826414587,
    "max_std": 2.2913463233804463,
    "mean_range": 6.61394587123394,
    "consistency_rate": 0.0,
    "canonical_mae": 0.4292751750946045,
    "canonical_exact": 0.648,
    "canonical_r": 0.8275174332525181,
    "canonical_rs": 0.7586646806480328,
    "npn_averaged_mae": 2.4889000851069727,
    "npn_averaged_exact": 0.012,
    "npn_averaged_r": 0.548855904021108,
    "npn_averaged_rs": 0.47718091611739155,
    "val_spearman_r": 0.7582131049747501,
    "train_time_s": 250.82953453063965,
    "test_time_s": 1.2866284847259521,
    "dim": 32,
    "expected_invariance": "NONE (bits rearrange under NPN)"
  },
  "B_fourier": {
    "mean_std": 0.9715623019054408,
    "median_std": 0.9672817474507547,
    "max_std": 1.385781630312706,
    "mean_range": 4.0215339145660405,
    "consistency_rate": 0.0,
    "canonical_mae": 0.43394923210144043,
    "canonical_exact": 0.634,
    "canonical_r": 0.818322615568744,
    "canonical_rs": 0.7527528226307214,
    "npn_averaged_mae": 1.301200518454275,
    "npn_averaged_exact": 0.128,
    "npn_averaged_r": 0.5792327338311462,
    "npn_averaged_rs": 0.5314915308095226,
    "val_spearman_r": 0.7503921396748768,
    "train_time_s": 204.92804288864136,
    "test_time_s": 1.5176923274993896,
    "dim": 32,
    "expected_invariance": "PARTIAL (coefficients permute/sign-change)"
  },
  "C_all_measures": {
    "mean_std": 0.11059138026355331,
    "median_std": 0.09507632278127397,
    "max_std": 0.6248495975187482,
    "mean_range": 0.4556552791595459,
    "consistency_rate": 0.51,
    "canonical_mae": 0.49763128280639646,
    "canonical_exact": 0.576,
    "canonical_r": 0.7297521617139451,
    "canonical_rs": 0.6458623340694509,
    "npn_averaged_mae": 0.5088294719572991,
    "npn_averaged_exact": 0.586,
    "npn_averaged_r": 0.7203894103094776,
    "npn_averaged_rs": 0.6478864530150877,
    "val_spearman_r": 0.6095296094442506,
    "train_time_s": 189.31462955474854,
    "test_time_s": 1.3154499530792236,
    "dim": 10,
    "expected_invariance": "MIXED (7 invariant + 3 non-invariant)"
  },
  "C_invariant_measures": {
    "mean_std": 0.0,
    "median_std": 0.0,
    "max_std": 0.0,
    "mean_range": 0.0,
    "consistency_rate": 1.0,
    "canonical_mae": 0.5128072605133057,
    "canonical_exact": 0.572,
    "canonical_r": 0.6996624342392306,
    "canonical_rs": 0.635385926616166,
    "npn_averaged_mae": 0.5128072605133057,
    "npn_averaged_exact": 0.572,
    "npn_averaged_r": 0.6996624342392306,
    "npn_averaged_rs": 0.635385926616166,
    "val_spearman_r": 0.5934678054558132,
    "train_time_s": 172.0713312625885,
    "test_time_s": 1.3025033473968506,
    "dim": 7,
    "expected_invariance": "HIGH (all 7 are NPN-invariant by definition)"
  },
  "C_noninvariant_measures": {
    "mean_std": 0.1843196100568568,
    "median_std": 0.17070922228744118,
    "max_std": 0.6250797808828779,
    "mean_range": 0.7806457767486572,
    "consistency_rate": 0.024,
    "canonical_mae": 0.6373436603546142,
    "canonical_exact": 0.524,
    "canonical_r": 0.489690585163247,
    "canonical_rs": 0.40251672875702843,
    "npn_averaged_mae": 0.6844558713051581,
    "npn_averaged_exact": 0.512,
    "npn_averaged_r": 0.5781148324923341,
    "npn_averaged_rs": 0.4607735725115421,
    "val_spearman_r": 0.37437146852769043,
    "train_time_s": 175.75416016578674,
    "test_time_s": 1.2185797691345215,
    "dim": 3,
    "expected_invariance": "NONE (lz76, run_length, gzip depend on bit ordering)"
  }
}